PROJECT ID,NAME,DESCRIPTION,TAGS,TECHNOLOGY
1,Autonomous Vehicle Navigation	,"Developing AI algorithms for autonomous vehicle navigation, enabling self-driving cars to navigate urban environments with precision and safety.        ","AI, Robotics, Autonomous Vehicles	","Python, TensorFlow, ROS	"
2,Language Translation with Transformers	,"Utilizing transformer models for language translation, improving the accuracy and efficiency of translating text between different languages.	","AI, NLP, Transformers	","Python, PyTorch, Hugging Face	"
3,AI-Based Virtual Assistant	,"Creating a virtual assistant powered by AI, capable of understanding voice commands, answering questions, and performing tasks to assist users.	","AI, Virtual Assistant, NLP	","Python, Dialogflow, TensorFlow        "
4,Reinforcement Learning for Game Playing	,Implementing reinforcement learning techniques for training AI agents to play complex games and achieve high-level performance through learning from experience.        ,"AI, Reinforcement Learning, Gaming	","Python, OpenAI Gym, TensorFlow	"
5,AI-Generated Artistic Creations        ,"Exploring the creative potential of AI by developing algorithms that generate unique and artistic creations, such as paintings, music, and digital art.	","AI, Generative Art, Creativity	","Python, TensorFlow, Generative Models	"
6,Sentiment Analysis for Social Media	,"Applying AI-based sentiment analysis to social media data, allowing businesses and individuals to understand public opinion and sentiment trends related to specific topics or brands.	","AI, Sentiment Analysis, Social Media	","Python, NLTK, TextBlob	"
7,AI-driven Personalized Recommendations	,"Developing an AI system that provides personalized recommendations for users based on their preferences, behaviors, and historical data, enhancing the user experience in various applications.	","AI, Recommendation Systems	","Python, Scikit-Learn, TensorFlow	"
8,AI-powered Healthcare Diagnostics	,"Creating AI models for healthcare diagnostics, analyzing medical images and data to assist in the early detection and diagnosis of diseases, contributing to improved patient outcomes.	","AI, Healthcare, Medical Imaging	","Python, TensorFlow, Keras        "
9,AI-driven Smart Home Automation	,"Building an AI-driven system for smart home automation, allowing users to control devices and appliances through voice commands and intelligent automation based on user behavior patterns.	","AI, Smart Home, Home Automation	","Python, OpenCV, Home Assistant	"
10,AI for Wildlife Conservation	,"Utilizing AI to aid in wildlife conservation efforts, including image recognition to identify endangered species, tracking animal movements, and analyzing ecological data for conservation planning.	","AI, Conservation, Wildlife Monitoring	","Python, TensorFlow, Conservation APIs	"
11,AI in Agriculture for Crop Monitoring        ,"Implementing AI technologies in agriculture for crop monitoring, including image analysis to detect crop diseases, assess plant health, and optimize farming practices for increased yield.	","AI, Agriculture, Crop Monitoring	","Python, TensorFlow, Computer Vision	"
12,AI-enhanced Cybersecurity	,"Enhancing cybersecurity measures through AI, employing machine learning to identify and prevent cyber threats, analyze network behavior, and strengthen the overall security posture of systems and networks.        ","AI, Cybersecurity, Machine Learning	","Python, Scikit-Learn, TensorFlow	"
13,AI-driven Music Composition,"Creating AI algorithms for music composition, exploring the capabilities of generative models to compose original and diverse pieces of music across different genres and styles.	","AI, Music Composition, Generative Models	","Python, TensorFlow, Music APIs	"
14,AI-powered Language Learning App	,"Developing an AI-powered language learning app that tailors lessons to individual learners, utilizing natural language processing to provide personalized feedback and adapt to the learner's proficiency level.	","AI, Language Learning, NLP	","Python, SpaCy, Flask	"
15,AI for Accessibility in Education	,"Building AI solutions to enhance accessibility in education, including text-to-speech systems, image recognition for visually impaired students, and adaptive learning platforms for students with diverse needs.	","AI, Accessibility, Education	","Python, TensorFlow, Speech APIs	"
16,Predictive Analytics for E-Commerce	,"A data science project focusing on predictive analytics for e-commerce, utilizing machine learning algorithms to forecast customer behavior, sales trends, and optimize inventory management.	","Data Science, E-Commerce, Predictive Analytics	","Python, Pandas, Scikit-Learn	"
17,Health Data Analysis for Disease Prediction	,"A data science project focused on analyzing health data to predict and prevent the outbreak of diseases, using machine learning to identify potential health risks and patterns in large datasets.	","Data Science, Health Analysis, Disease Prediction	","Python, Pandas, TensorFlow	"
18,Autonomous Drone Navigation	,"A project focusing on developing artificial intelligence algorithms for autonomous drone navigation, allowing drones to navigate complex environments without human intervention.	","AI, Robotics, Drone Navigation	","Python, TensorFlow, ROS	"
19,Natural Language Processing Chatbot	,"A chatbot powered by natural language processing (NLP) algorithms, capable of understanding and responding to user queries in a conversational manner, making it a versatile tool for various applications.	","AI, NLP, Chatbot	","Python, NLTK, TensorFlow	"
20,Computer Vision Image Recognition	,"An image recognition system using computer vision and deep learning techniques, designed to identify objects and patterns in images with high accuracy.	","AI, Computer Vision, Image Recognition	","Python, OpenCV, Keras, TensorFlow	"
21,Network Intrusion Detection System	,"Developing a robust intrusion detection system for networks, utilizing machine learning algorithms to identify and respond to abnormal network activities indicative of potential cyber threats.	","Cybersecurity, Intrusion Detection	","Python, Scikit-Learn, Snort	"
22,Secure Mobile Application Development	,"Implementing secure coding practices for mobile app development, focusing on preventing common security vulnerabilities such as data breaches, unauthorized access, and insecure data storage.	","Cybersecurity, Mobile App Security	","Java, Kotlin, OWASP	"
23,Threat Intelligence Platform	,"Building a threat intelligence platform that aggregates, analyzes, and disseminates information about potential cyber threats, enhancing the ability to proactively defend against evolving cybersecurity risks.        ","Cybersecurity, Threat Intelligence        ","Python, Elasticsearch, STIX/TAXI	"
24,Cybersecurity Awareness Training	,"Developing an interactive cybersecurity awareness training platform to educate users about common cyber threats, phishing attacks, and best practices for maintaining a secure online environment.	","Cybersecurity, Training, Awareness	","HTML, CSS, JavaScript	"
25,Secure Cloud Infrastructure	,"Implementing security measures for cloud infrastructure, including encryption, access controls, and monitoring, to ensure the confidentiality, integrity, and availability of data stored in the cloud.	","Cybersecurity, Cloud Security	","AWS, Azure, Google Cloud	"
26,Blockchain-based Identity Management	,"Developing a decentralized identity management system using blockchain technology, enhancing the security and privacy of user credentials and reducing the risk of identity-related cyber threats.	","Cybersecurity, Blockchain, Identity Management	","Ethereum, Solidity, uPort	"
27,Malware Analysis Toolkit	,"Creating a toolkit for malware analysis, providing tools and resources for analyzing and understanding the behavior of malicious software, aiding in the identification and mitigation of cyber threats.	","Cybersecurity, Malware Analysis	","Python, IDA Pro, Wireshark	"
28,Secure Web Application Firewall	,"Building a web application firewall (WAF) with advanced security features to protect web applications from common cyber threats such as SQL injection, cross-site scripting (XSS), and cross-site request forgery (CSRF).	","Cybersecurity, Web Application Security	","Java, Spring Boot, ModSecurity	"
29,Cyber Range for Security Training	,"Developing a cyber range platform for hands-on security training, simulating real-world cyber attack scenarios and allowing users to practice and enhance their skills in a controlled environment.	","Cybersecurity, Training, Cyber Range	","VMware, Kali Linux, Metasploit	"
30,Incident Response Automation	,"Creating an automated incident response system that can detect and respond to cybersecurity incidents in real-time, minimizing the impact and downtime caused by security breaches.	","Cybersecurity, Incident Response	","Python, Splunk, Elasticsearch	"
31,FinTech Analytics Platform,"A comprehensive analytics platform for financial technology, providing insights into market trends, risk analysis, and investment opportunities","Finance, FinTech, Analytics, Big Data","Python, Pandas, Django, MongoDB"
32,Blockchain-based Payment System,"A decentralized payment system using blockchain technology, aiming to enhance security and transparency in financial transactions.","Finance, Blockchain, Cryptocurrency, Security","Ethereum, Solidity, Web3.js"
33,Algorithmic Trading Bot,"An algorithmic trading bot for automated execution of financial strategies, leveraging machine learning for predictive analytics.","Finance, Algorithmic Trading, Machine Learning","Java, Spring Boot, TensorFlow"
34,Personal Budgeting App,"An application to help individuals manage their finances, track expenses, and set budget goals for better financial planning.","Finance, Budgeting, Mobile App","React Native, Firebase"
35,Credit Scoring System,"A machine learning-based credit scoring system for evaluating the creditworthiness of individuals or businesses, incorporating alternative data sources for a more comprehensive assessment.","Finance, Credit Scoring, Machine Learning","Python, Scikit-Learn, Flask"
36,Cryptocurrency Portfolio Tracke,"A web-based tool for tracking and managing cryptocurrency portfolios, providing real-time market data and analytics for crypto investors.","Finance, Cryptocurrency, Portfolio","React, Node.js, Express, MongoDB"
37,Financial News Aggregator,"An application that aggregates and summarizes financial news from various sources, keeping users informed about market trends and economic developments.","Finance, News Aggregator, NLP","Python, Django, NLTK, BeautifulSoup"
38,Robo-Advisor for Investment,A robo-advisor platform using machine learning algorithms to provide personalized investment recommendations based on users' risk profiles and financial goals.,"Finance, Robo-Advisor, Machine Learning","Java, Spring Boot, Hibernate	"
39,Real Estate Crowdfunding Platform,"A platform that allows users to invest in real estate projects through crowdfunding, providing a transparent and accessible way to participate in real estate development.","Finance, Real Estate, Crowdfunding","React, Django, PostgreSQL"
40,Sustainable Investing Dashboard	,"An analytics dashboard for sustainable investors, offering insights into the environmental and social impact of investment portfolios.	","Finance, Sustainable Investing, Analytics	","Angular, D3.js, MongoDB	"
41,Invoice Factoring Platform	,"A platform for invoice factoring, allowing businesses to sell their outstanding invoices to investors for immediate cash flow.	","Finance, Invoice Factoring, Fintech	","Ruby on Rails, PostgreSQL	"
42,Pension Planning App	,An application to assist users in planning for their retirement by providing personalized pension projections and investment strategies.	,"Finance, Retirement Planning, Mobile App	","Flutter, Firebase	"
43,Peer-to-Peer Lending Platform	,"A decentralized lending platform using blockchain technology for peer-to-peer lending, enabling individuals to borrow and lend money without traditional intermediaries.	","Finance, P2P Lending, Blockchain	","Ethereum, Solidity, Truffle	"
44,Tax Compliance Automation	,"An automation tool for tax compliance, utilizing artificial intelligence to streamline the process of preparing and filing taxes for individuals and businesses.	","Finance, Tax Automation, AI	","Python, Flask, TensorFlow	"
45,Stock Market Prediction Bot	,A chatbot that provides stock market predictions and analysis using natural language processing and machine learning algorithms.	,"Finance, Stock Market, Chatbot	","Node.js, TensorFlow, Dialogflow	"
46,Digital Wallet for Cryptocurrencies	,"A digital wallet application for managing various cryptocurrencies, offering secure storage and seamless transactions within the crypto ecosystem.	","Finance, Cryptocurrency, Wallet	","React Native, Ethereum, Web3.js	"
47,Invoice Financing Smart Contract	,"A smart contract on the blockchain facilitating invoice financing, automating the process of transferring ownership of invoices between parties.	","Finance, Smart Contract, Blockchain	","Solidity, Ethereum, Truffle	"
48,Machine Learning for Fraud Detection	,"A machine learning system for detecting and preventing fraudulent activities in financial transactions, enhancing security and reducing risks.	","Finance, Fraud Detection, Machine Learning	","Python, Scikit-Learn, Flask	"
49,Financial Inclusion Mobile App	,"A mobile application designed to promote financial inclusion by providing banking services to underserved populations, leveraging mobile technology and digital wallets.	","Finance, Financial Inclusion, Mobile App	","Kotlin, Firebase, Android Studio	"
50,Carbon Offset Marketplace	,"An online marketplace for buying and selling carbon offset credits, connecting businesses and individuals with eco-friendly projects to mitigate their carbon footprint.	","Finance, Carbon Offset, Marketplace	","React, Node.js, MongoDB	"
51,Multiplayer Online Battle Arena (MOBA)	,"Developing a multiplayer online battle arena (MOBA) game, featuring team-based battles, unique characters, and strategic gameplay. Players can compete in real-time matches and progress through various levels and challenges.	","Gaming, MOBA, Multiplayer	","Unity, C#, Photon Unity Networking	"
52,Virtual Reality Racing Simulator	,"Creating a virtual reality (VR) racing simulator that offers an immersive experience, realistic graphics, and dynamic gameplay. Users can compete in virtual races using VR headsets and experience the thrill of high-speed racing.	","Gaming, VR, Racing Simulator	","Unity, C#, Oculus Rift	"
53,Indie Game Development	,"A small indie game development project, focusing on creating a unique and engaging gaming experience with innovative gameplay mechanics, storyline, and visual design.	","Gaming, Indie Game, Game Development        ","Unreal Engine, C++, Blender	"
54,Augmented Reality (AR) Puzzle Game	,"Developing an augmented reality (AR) puzzle game that blends the virtual world with the real environment. Players solve puzzles and complete challenges using AR technology, creating an interactive and immersive gaming experience.	","Gaming, AR, Puzzle Game	","Unity, C#, ARCore, ARKit	"
55,eSports Tournament Platform	,"Building an eSports tournament platform that allows players and teams to participate in online gaming tournaments across various genres. The platform includes features for registration, match scheduling, and live streaming of matches.	","Gaming, eSports, Tournament Platform	","Django, React, Node.js	"
56,Retro Arcade Game Emulator	,Creating a retro arcade game emulator that enables users to play classic arcade games from the past. The emulator supports a variety of game ROMs and provides an authentic gaming experience reminiscent of arcade cabinets.	,"Gaming, Emulator, Retro Arcade	","C++, SDL2, RetroArch	"
57,Real-time Strategy (RTS) Game	,"Developing a real-time strategy (RTS) game where players build and manage their own civilizations, engage in battles, and explore virtual worlds. The game combines resource management, strategy, and multiplayer gameplay.	","Gaming, RTS, Real-time Strategy	","Unity, C#, Photon Unity Networking	"
57,Mobile Game for Social Impact	,"Creating a mobile game with a focus on social impact, addressing important issues or promoting awareness of specific causes. The game engages players in a meaningful way while contributing to positive social change.        ","Gaming, Mobile Game, Social Impact	","Unity, C#, Firebase	"
59,First-Person Shooter (FPS) Game	,"Designing and developing a first-person shooter (FPS) game with realistic graphics, dynamic gameplay, and multiplayer features. Players can engage in fast-paced action, team-based battles, and competitive gaming experiences.	","Gaming, FPS, First-Person Shooter	","Unreal Engine, C++, Blender	"
60,Educational Game for Kids	,"Creating an educational game designed for children to enhance learning in a fun and interactive way. The game incorporates educational content, puzzles, and challenges to engage young players and promote a positive learning experience.	","Gaming, Educational Game, Kids	","Unity, C#, Educational Content	"
61,Open World Exploration Game	,"Developing an open-world exploration game where players can explore vast landscapes, discover hidden treasures, and embark on epic adventures. The game features a dynamic environment, quests, and opportunities for player creativity.	","Gaming, Exploration Game, Open World	","Unity, C#, Procedural Generation	"
62,Virtual Pet Simulation Game	,"Creating a virtual pet simulation game where players can adopt and take care of virtual pets. The game includes features such as feeding, training, and customizing pets, providing an interactive and enjoyable pet ownership experience.	","Gaming, Virtual Pet, Simulation	","Unity, C#, 3D Modeling	"
63,Puzzle Platformer Game	,"Designing and developing a puzzle platformer game with challenging levels, innovative puzzles, and engaging gameplay. Players navigate through platform-based challenges, solving puzzles to progress and reach the end of each level.	","Gaming, Puzzle Game, Platformer	",
64,Cloud Storage Platform,Develop a scalable cloud storage platform with advanced features.,"Cloud, Storage","AWS S3, Azure Blob Storage, Node.js"
65,Serverless Computing Framework,Build a serverless computing framework for efficient application deployment.,"Cloud, Serverless","AWS Lambda, Azure Functions, Python"
66,Multi-Cloud Deployment Tool,Create a tool for managing and deploying applications across multiple cloud providers.,"Cloud, Multi-Cloud","Terraform, Kubernetes, Docker"
67,Cloud Monitoring Dashboard,Develop a dashboard for monitoring and managing cloud infrastructure resources.,"Cloud, Monitoring","Grafana, Prometheus, AWS CloudWatch"
68,Infrastructure as Code (IaC),Implement Infrastructure as Code practices for automated cloud resource provisioning.,"Cloud, IaC","Ansible, Terraform, AWS CLI"
69,Cloud Networking Solution,Design a solution for optimizing and securing cloud-based network architectures.,"Cloud, Networking","VPC, VPN, SD-WAN, Azure ExpressRoute"
70,Cloud Identity Management,Build an identity management system for secure access to cloud resources.,"Cloud, Identity Management","AWS IAM, Azure Active Directory"
71,Cloud Backup and Recovery,Create a solution for automated backup and recovery of cloud-based data.,"Cloud, Backup, Recovery","AWS Backup, Azure Backup, Python"
72,Cloud Data Migration Tool,Develop a tool for seamless migration of data between different cloud platforms.,"Cloud, Data Migration","AWS Data Migration Service, Azure Data Factory"
73,Cloud Cost Optimization,Implement strategies for optimizing costs and resource usage in cloud environments.,"Cloud, Cost Optimization","AWS Cost Explorer, Azure Cost Management"
74,Smart Home Automation,Develop a system for smart home automation with IoT integration.,"IoT, Home Automation","Raspberry Pi, MQTT, Home Assistant"
75,Industrial IoT Monitoring,Implement an IoT solution for monitoring and optimizing industrial processes.,"IoT, Industrial Monitoring","Arduino, PLC, MQTT, InfluxDB"
76,Industrial IoT Monitoring,Implement an IoT solution for monitoring and optimizing industrial processes.,"IoT, Industrial Monitoring","Arduino, PLC, MQTT, InfluxDB"
77,IoT-based Environmental Monitoring,Create a network of IoT devices for monitoring environmental parameters.,"IoT, Environmental Monitoring","Raspberry Pi, Sensors, ThingSpeak"
78,Wearable Health Tracker,Build a wearable device for tracking health metrics and providing real-time feedback.,"IoT, Wearable Health","ESP32, IoT Core, Firebase"
79,Smart Agriculture System,Develop an IoT-based solution for monitoring and automating agricultural processes.,"IoT, Agriculture","Arduino, LoRa, MQTT, OpenWeatherMap"
80,IoT-enabled Smart Lighting,Implement smart lighting control using IoT technology for energy efficiency.,"IoT, Smart Lighting","Zigbee, Raspberry Pi, Home Assistant"
81,Industrial IoT Asset Tracking,Create a system for tracking and managing assets in an industrial environment.,"IoT, Asset Tracking","RFID, GPS, MQTT, Node-RED"
82,IoT-based Water Quality Monitoring,Build a network of sensors for monitoring water quality in real-time.,"IoT, Water Quality Monitoring","Arduino, ESP8266, ThingsBoard"
83,Smart City Infrastructure,Design an IoT infrastructure for optimizing city services and utilities.,"IoT, Smart City","LoRaWAN, IoT Core, Urban IoT Platform"
84,IoT-enabled Home Security,Develop a home security system with IoT devices for surveillance and access control.,"IoT, Home Security","ESP8266, Camera Module, MQTT"
85,IoT-enabled Smart Lighting,Implement smart lighting control using IoT technology for energy efficiency.,"IoT, Smart Lighting","Zigbee, Raspberry Pi, Home Assistant"
86,Industrial IoT Asset Tracking,Create a system for tracking and managing assets in an industrial environment.,"IoT, Asset Tracking","RFID, GPS, MQTT, Node-RED"
87,IoT-based Water Quality Monitoring,Build a network of sensors for monitoring water quality in real-time.,"IoT, Water Quality Monitoring","Arduino, ESP8266, ThingsBoard"
88,Smart City Infrastructure,Design an IoT infrastructure for optimizing city services and utilities.,"IoT, Smart City","LoRaWAN, IoT Core, Urban IoT Platform"
89,IoT-enabled Home Security,IoT-enabled Home Security,"IoT, Home Security","ESP8266, Camera Module, MQTT"
90,Blockchain for Real Estate Transactions,Utilize blockchain for transparent and efficient real estate transactions.,"Blockchain, Real Estate","Propy, Ethereum, Smart Contracts"
91,Blockchain Interoperability Protocols,Develop protocols for improving interoperability between diverse blockchain networks.,"Blockchain, Interoperability","Cosmos, Tendermint, IBC Protocol"
92,Oracle Solutions for Smart Contracts,Implement oracle solutions for connecting smart contracts with real-world data.,"Blockchain, Oracles","Chainlink, Solidity, External Adapters"
93,Security Token Offerings (STO) Platform,Create a platform for issuing and managing security token offerings.,"Blockchain, STO","Tezos, FA1.2, Smart Contracts"
94,DAO Governance Platform,Develop a decentralized autonomous organization (DAO) governance platform.,"Blockchain, DAO","Aragon, Ethereum, DAO Framework"
95,Cross-Chain Bridge Development,Build a bridge for interoperability between different blockchain networks.,"Blockchain, Interoperability","Polkadot, Substrate, Parachain"
95,DAO Governance Platform,Develop a decentralized autonomous organization (DAO) governance platform.,"Blockchain, DAO","Aragon, Ethereum, DAO Framework"
96,Security Token Offerings (STO) Platform,Create a platform for issuing and managing security token offerings.,"Blockchain, STO","Tezos, FA1.2, Smart Contracts"
97,Oracle Solutions for Smart Contracts,Implement oracle solutions for connecting smart contracts with real-world data.,"Blockchain, Oracles","Chainlink, Solidity, External Adapters"
98,Blockchain Interoperability Protocols,Develop protocols for improving interoperability between diverse blockchain networks.,"Blockchain, Interoperability","Cosmos, Tendermint, IBC Protocol"
99,Blockchain for Real Estate Transactions,Utilize blockchain for transparent and efficient real estate transactions.,"Blockchain, Real Estate","Propy, Ethereum, Smart Contracts"
100,Chatbot Development,Develop a conversational chatbot for customer support.,Develop a conversational chatbot for customer support.,"Python, Rasa, TensorFlow, NLTK"
101,Sentiment Analysis Platform,Create a platform for analyzing sentiment in textual data.,"NLP, Sentiment Analysis","Python, TextBlob, VADER, Flask"
102,Named Entity Recognition (NER),Implement NER for extracting entities from unstructured text.,"NLP, NER","SpaCy, NLTK, TensorFlow, FastAPI"
103,Text Summarization Tool,Build a tool for automatically summarizing large pieces of text.,"NLP, Summarization","Gensim, BERT, Flask, React"
104,Language Translation App,Develop a mobile app for language translation.,"NLP, Translation","OpenNMT, Transformer, React Native"
105,Question Answering System,Create a system for answering questions based on given context.,"NLP, QA System","BERT, DistilBERT, Hugging Face"
106,Speech-to-Text Conversion,Implement a system for converting spoken language into text.,"NLP, Speech-to-Text","Google Cloud Speech-to-Text, Python"
107,Text Classification Platform,Develop a platform for classifying text into predefined categories.,"NLP, Text Classification","scikit-learn, TensorFlow, FastAPI"
108,Intent Recognition for Chatbots,Enhance chatbots with intent recognition capabilities.,"NLP, Intent Recognition","Dialogflow, Rasa, TensorFlow"
109,Emotion Recognition in Text,Implement a system for recognizing emotions conveyed in text.,"NLP, Emotion Recognition","DeepMoji, NRC Emotion Lexicon, Flask"
110,Text-to-Speech Synthesis,Build a system for converting written text into spoken words.,"NLP, Text-to-Speech","Google Cloud Text-to-Speech, Node.js"
111,Named Entity Linking (NEL),Develop NEL for linking entities in text to external knowledge bases.,"NLP, NEL","DBpedia Spotlight, Wikifier, RDFLib"
112,Aspect-Based Sentiment Analysis,Enhance sentiment analysis by identifying sentiments towards specific aspects in text.,"NLP, Sentiment Analysis","Aspect-Based, BERT, Python"
113,Text-Based Chat RPG Game,Create a text-based role-playing game with natural language interaction.,"NLP, Text-Based Game","Python, NLTK, Text Generation Models"
114,Text Annotation Tool,Develop a tool for annotating and labeling text data for NLP tasks.,"NLP, Annotation Tool","Prodigy, spaCy, React"
115,Multilingual NLP Platform,Multilingual NLP Platform,"NLP, Multilingual","mBERT, XLM-RoBERTa, Hugging Face"
116,Fake News Detection System,Implement a system for detecting fake news and misinformation in text.,"NLP, Fake News Detection","BERT, GPT, Fact-checking APIs"
117,Medical Imaging AI in healthcare,Developing an AI system for advanced medical image analysis.	,"AI, Medical Imaging	","TensorFlow, PyTorch, DICOM
"
118,AI-driven Disease Diagnosis in healthcare       ,Creating an AI-powered system for accurate and early disease diagnosis.	,"AI, Disease Diagnosis	","Scikit-learn, TensorFlow, X-ray images
"
119,Healthcare Chatbot in healthcare ,Implementing a chatbot for providing instant healthcare information.	,"AI, Chatbot	","Rasa, Natural Language Processing, Health APIs
"
120,AI-based Drug Discovery in healthcare,Utilizing AI algorithms for accelerating drug discovery processes.	,"AI, Drug Discovery	","DeepChem, Cheminformatics, Molecular Docking
"
121,Telehealth Platform with AI in healthcare,Building a telehealth platform enhanced with AI capabilities.	,"AI, Telehealth	","WebRTC, Node.js, AI-powered diagnostics
"
122,Mental Health AI Chatbot  in healthcare,Developing an AI chatbot for providing mental health support.	,"AI, Mental Health	","Dialogflow, Rasa, Sentiment Analysis
"
123,AI-powered Remote Patient Monitoring in healthcare,Creating a system for remote monitoring of patients using AI.	,"AI, Remote Monitoring	","IoT, Machine Learning, Wearable Devices
"
124,AI in Genomic Data Analysis in healthcare,Applying AI techniques for analyzing and interpreting genomic data.	,"AI, Genomic Data Analysis	","Bioinformatics, Genomic Sequencing, Python
"
125,AI-driven Personalized Treatment Plans	in healthcare,Developing an AI system for creating personalized treatment plans.	,"AI, Personalized Medicine	","Machine Learning, Electronic Health Records
"